Minuto,0,1,mean [kWh],std [kWh]
0,"3654,0","3597,0","3625,5","28,5"
1,"3423,0","3483,0","3453,0","30,0"
2,"3285,0","2748,0","3016,5","268,5"
3,"2418,0","2622,0","2520,0","102,0"
4,"2157,0","2364,0","2260,5","103,5"
5,"2031,0","2358,0","2194,5","163,5"
6,"2034,0","1878,0","1956,0","78,0"
7,"1788,0","1623,0","1705,5","82,5"
8,"1770,0","1494,0","1632,0","138,0"
9,"1770,0","1491,0","1630,5","139,5"
10,"1644,0","1506,0","1575,0","69,0"
11,"1515,0","1497,0","1506,0","9,0"
12,"1623,0","1491,0","1557,0","66,0"
13,"1626,0","1497,0","1561,5","64,5"
14,"1605,0","1494,0","1549,5","55,5"
15,"1608,0","1482,0","1545,0","63,0"
16,"1587,0","1464,0","1525,5","61,5"
17,"1581,0","1584,0","1582,5","1,5"
18,"1578,0","1572,0","1575,0","3,0"
19,"1566,0","1446,0","1506,0","60,0"
20,"1560,0","1449,0","1504,5","55,5"
21,"1548,0","1437,0","1492,5","55,5"
22,"1533,0","1422,0","1477,5","55,5"
23,"1413,0","1287,0","1350,0","63,0"
24,"1392,0","1260,0","1326,0","66,0"
25,"1389,0","1257,0","1323,0","66,0"
26,"1512,0","1248,0","1380,0","132,0"
27,"1509,0","1239,0","1374,0","135,0"
28,"1503,0","1239,0","1371,0","132,0"
29,"1515,0","1224,0","1369,5","145,5"
30,"1383,0","1218,0","1300,5","82,5"
31,"1374,0","1206,0","1290,0","84,0"
32,"1362,0","1197,0","1279,5","82,5"
33,"1359,0","1302,0","1330,5","28,5"
34,"1353,0","1284,0","1318,5","34,5"
35,"1335,0","1260,0","1297,5","37,5"
36,"1311,0","1251,0","1281,0","30,0"
37,"1296,0","1365,0","1330,5","34,5"
38,"1281,0","1374,0","1327,5","46,5"
39,"1395,0","1377,0","1386,0","9,0"
40,"1395,0","1377,0","1386,0","9,0"
41,"1371,0","1248,0","1309,5","61,5"
42,"1353,0","1125,0","1239,0","114,0"
43,"1353,0","1119,0","1236,0","117,0"
44,"1359,0","1122,0","1240,5","118,5"
45,"1353,0","1110,0","1231,5","121,5"
46,"1341,0","1110,0","1225,5","115,5"
47,"1332,0","1098,0","1215,0","117,0"
48,"1206,0","1092,0","1149,0","57,0"
49,"1185,0","1077,0","1131,0","54,0"
50,"1185,0","1080,0","1132,5","52,5"
51,"1170,0","1074,0","1122,0","48,0"
52,"1155,0","1188,0","1171,5","16,5"
53,"1140,0","1188,0","1164,0","24,0"
54,"1134,0","1185,0","1159,5","25,5"
55,"1125,0","1176,0","1150,5","25,5"
56,"1113,0","1164,0","1138,5","25,5"
57,"1104,0","1146,0","1125,0","21,0"
58,"1092,0","1134,0","1113,0","21,0"
59,"1083,0","1113,0","1098,0","15,0"
60,"1074,0","978,0","1026,0","48,0"
61,"1050,0","978,0","1014,0","36,0"
62,"1047,0","969,0","1008,0","39,0"
63,"1032,0","960,0","996,0","36,0"
64,"1020,0","951,0","985,5","34,5"
65,"1017,0","948,0","982,5","34,5"
66,"1008,0","942,0","975,0","33,0"
67,"996,0","927,0","961,5","34,5"
68,"987,0","924,0","955,5","31,5"
69,"978,0","915,0","946,5","31,5"
70,"972,0","894,0","933,0","39,0"
71,"966,0","894,0","930,0","36,0"
72,"966,0","897,0","931,5","34,5"
73,"966,0","897,0","931,5","34,5"
74,"957,0","888,0","922,5","34,5"
75,"957,0","882,0","919,5","37,5"
76,"948,0","855,0","901,5","46,5"
77,"945,0","852,0","898,5","46,5"
78,"942,0","846,0","894,0","48,0"
79,"942,0","837,0","889,5","52,5"
80,"930,0","837,0","883,5","46,5"
81,"921,0","834,0","877,5","43,5"
82,"912,0","828,0","870,0","42,0"
83,"894,0","957,0","925,5","31,5"
84,"885,0","957,0","921,0","36,0"
85,"1005,0","948,0","976,5","28,5"
86,"996,0","942,0","969,0","27,0"
87,"987,0","936,0","961,5","25,5"
88,"975,0","921,0","948,0","27,0"
89,"975,0","915,0","945,0","30,0"
90,"963,0","915,0","939,0","24,0"
91,"957,0","903,0","930,0","27,0"
92,"954,0","780,0","867,0","87,0"
93,"828,0","768,0","798,0","30,0"
94,"813,0","759,0","786,0","27,0"
95,"810,0","756,0","783,0","27,0"
96,"801,0","765,0","783,0","18,0"
97,"801,0","762,0","781,5","19,5"
98,"795,0","762,0","778,5","16,5"
99,"795,0","756,0","775,5","19,5"
100,"792,0","747,0","769,5","22,5"
101,"786,0","741,0","763,5","22,5"
102,"798,0","735,0","766,5","31,5"
103,"783,0","735,0","759,0","24,0"
104,"792,0","732,0","762,0","30,0"
105,"786,0","735,0","760,5","25,5"
106,"774,0","738,0","756,0","18,0"
107,"771,0","726,0","748,5","22,5"
108,"759,0","714,0","736,5","22,5"
109,"747,0","705,0","726,0","21,0"
110,"735,0","699,0","717,0","18,0"
111,"741,0","699,0","720,0","21,0"
112,"747,0","696,0","721,5","25,5"
113,"741,0","699,0","720,0","21,0"
114,"726,0","699,0","712,5","13,5"
115,"723,0","690,0","706,5","16,5"
116,"717,0","687,0","702,0","15,0"
117,"708,0","675,0","691,5","16,5"
118,"711,0","657,0","684,0","27,0"
119,"696,0","657,0","676,5","19,5"
120,"684,0","654,0","669,0","15,0"
121,"675,0","642,0","658,5","16,5"
122,"672,0","630,0","651,0","21,0"
123,"657,0","624,0","640,5","16,5"
124,"651,0","618,0","634,5","16,5"
125,"645,0","615,0","630,0","15,0"
126,"657,0","615,0","636,0","21,0"
127,"651,0","606,0","628,5","22,5"
128,"642,0","603,0","622,5","19,5"
129,"618,0","591,0","604,5","13,5"
130,"618,0","588,0","603,0","15,0"
131,"624,0","588,0","606,0","18,0"
132,"633,0","585,0","609,0","24,0"
133,"624,0","579,0","601,5","22,5"
134,"624,0","573,0","598,5","25,5"
135,"603,0","573,0","588,0","15,0"
136,"591,0","567,0","579,0","12,0"
137,"588,0","555,0","571,5","16,5"
138,"714,0","555,0","634,5","79,5"
139,"696,0","543,0","619,5","76,5"
140,"687,0","540,0","613,5","73,5"
141,"684,0","543,0","613,5","70,5"
142,"561,0","534,0","547,5","13,5"
143,"561,0","528,0","544,5","16,5"
144,"558,0","525,0","541,5","16,5"
145,"549,0","516,0","532,5","16,5"
146,"552,0","504,0","528,0","24,0"
147,"555,0","492,0","523,5","31,5"
148,"546,0","483,0","514,5","31,5"
149,"546,0","474,0","510,0","36,0"
150,"543,0","465,0","504,0","39,0"
151,"531,0","465,0","498,0","33,0"
152,"528,0","450,0","489,0","39,0"
153,"519,0","453,0","486,0","33,0"
154,"510,0","447,0","478,5","31,5"
155,"504,0","447,0","475,5","28,5"
156,"498,0","444,0","471,0","27,0"
157,"507,0","441,0","474,0","33,0"
158,"501,0","432,0","466,5","34,5"
159,"501,0","426,0","463,5","37,5"
160,"501,0","411,0","456,0","45,0"
161,"486,0","408,0","447,0","39,0"
162,"489,0","402,0","445,5","43,5"
163,"477,0","390,0","433,5","43,5"
164,"465,0","384,0","424,5","40,5"
165,"459,0","375,0","417,0","42,0"
166,"450,0","378,0","414,0","36,0"
167,"444,0","378,0","411,0","33,0"
168,"441,0","375,0","408,0","33,0"
169,"441,0","372,0","406,5","34,5"
170,"438,0","369,0","403,5","34,5"
171,"432,0","360,0","396,0","36,0"
172,"432,0","351,0","391,5","40,5"
173,"546,0","351,0","448,5","97,5"
174,"537,0","348,0","442,5","94,5"
175,"534,0","342,0","438,0","96,0"
176,"528,0","339,0","433,5","94,5"
177,"405,0","333,0","369,0","36,0"
178,"411,0","327,0","369,0","42,0"
179,"399,0","330,0","364,5","34,5"
180,"399,0","321,0","360,0","39,0"
181,"402,0","312,0","357,0","45,0"
182,"393,0","306,0","349,5","43,5"
183,"381,0","309,0","345,0","36,0"
184,"375,0","288,0","331,5","43,5"
185,"375,0","288,0","331,5","43,5"
186,"372,0","279,0","325,5","46,5"
187,"372,0","273,0","322,5","49,5"
188,"375,0","387,0","381,0","6,0"
189,"372,0","381,0","376,5","4,5"
190,"369,0","369,0","369,0","0,0"
191,"357,0","375,0","366,0","9,0"
192,"348,0","255,0","301,5","46,5"
193,"342,0","255,0","298,5","43,5"
194,"336,0","246,0","291,0","45,0"
195,"336,0","246,0","291,0","45,0"
196,"339,0","240,0","289,5","49,5"
197,"336,0","360,0","348,0","12,0"
198,"330,0","360,0","345,0","15,0"
199,"318,0","357,0","337,5","19,5"
200,"309,0","357,0","333,0","24,0"
201,"303,0","231,0","267,0","36,0"
202,"297,0","228,0","262,5","34,5"
203,"297,0","222,0","259,5","37,5"
204,"294,0","222,0","258,0","36,0"
205,"291,0","219,0","255,0","36,0"
206,"408,0","219,0","313,5","94,5"
207,"405,0","216,0","310,5","94,5"
208,"405,0","213,0","309,0","96,0"
209,"276,0","210,0","243,0","33,0"
210,"270,0","210,0","240,0","30,0"
211,"255,0","207,0","231,0","24,0"
212,"375,0","207,0","291,0","84,0"
213,"372,0","204,0","288,0","84,0"
214,"354,0","204,0","279,0","75,0"
215,"351,0","201,0","276,0","75,0"
216,"228,0","198,0","213,0","15,0"
217,"228,0","189,0","208,5","19,5"
218,"228,0","189,0","208,5","19,5"
219,"345,0","189,0","267,0","78,0"
220,"345,0","186,0","265,5","79,5"
221,"339,0","186,0","262,5","76,5"
222,"339,0","177,0","258,0","81,0"
223,"219,0","174,0","196,5","22,5"
224,"216,0","288,0","252,0","36,0"
225,"207,0","288,0","247,5","40,5"
226,"207,0","288,0","247,5","40,5"
227,"195,0","288,0","241,5","46,5"
228,"192,0","285,0","238,5","46,5"
229,"183,0","405,0","294,0","111,0"
230,"177,0","405,0","291,0","114,0"
231,"174,0","405,0","289,5","115,5"
232,"168,0","399,0","283,5","115,5"
233,"165,0","273,0","219,0","54,0"
234,"168,0","150,0","159,0","9,0"
235,"165,0","153,0","159,0","6,0"
236,"165,0","150,0","157,5","7,5"
237,"162,0","150,0","156,0","6,0"
238,"156,0","144,0","150,0","6,0"
239,"153,0","144,0","148,5","4,5"
240,"153,0","144,0","148,5","4,5"
241,"150,0","138,0","144,0","6,0"
242,"270,0","135,0","202,5","67,5"
243,"261,0","135,0","198,0","63,0"
244,"261,0","135,0","198,0","63,0"
245,"258,0","138,0","198,0","60,0"
246,"255,0","138,0","196,5","58,5"
247,"252,0","255,0","253,5","1,5"
248,"252,0","249,0","250,5","1,5"
249,"129,0","363,0","246,0","117,0"
250,"246,0","369,0","307,5","61,5"
251,"246,0","246,0","246,0","0,0"
252,"243,0","246,0","244,5","1,5"
253,"246,0","123,0","184,5","61,5"
254,"246,0","243,0","244,5","1,5"
255,"246,0","240,0","243,0","3,0"
256,"240,0","237,0","238,5","1,5"
257,"243,0","231,0","237,0","6,0"
258,"243,0","231,0","237,0","6,0"
259,"243,0","228,0","235,5","7,5"
260,"114,0","228,0","171,0","57,0"
261,"111,0","228,0","169,5","58,5"
262,"111,0","225,0","168,0","57,0"
263,"111,0","102,0","106,5","4,5"
264,"111,0","102,0","106,5","4,5"
265,"108,0","102,0","105,0","3,0"
266,"105,0","222,0","163,5","58,5"
267,"102,0","222,0","162,0","60,0"
268,"102,0","222,0","162,0","60,0"
269,"99,0","222,0","160,5","61,5"
270,"216,0","225,0","220,5","4,5"
271,"213,0","225,0","219,0","6,0"
272,"210,0","228,0","219,0","9,0"
273,"207,0","228,0","217,5","10,5"
274,"327,0","108,0","217,5","109,5"
275,"321,0","108,0","214,5","106,5"
276,"321,0","108,0","214,5","106,5"
277,"318,0","108,0","213,0","105,0"
278,"198,0","108,0","153,0","45,0"
279,"75,0","228,0","151,5","76,5"
280,"195,0","228,0","211,5","16,5"
281,"192,0","225,0","208,5","16,5"
282,"192,0","225,0","208,5","16,5"
283,"192,0","225,0","208,5","16,5"
284,"72,0","102,0","87,0","15,0"
285,"69,0","102,0","85,5","16,5"
286,"66,0","102,0","84,0","18,0"
287,"63,0","219,0","141,0","78,0"
288,"63,0","219,0","141,0","78,0"
289,"63,0","219,0","141,0","78,0"
290,"63,0","99,0","81,0","18,0"
291,"63,0","96,0","79,5","16,5"
292,"57,0","96,0","76,5","19,5"
293,"177,0","213,0","195,0","18,0"
294,"174,0","213,0","193,5","19,5"
295,"294,0","216,0","255,0","39,0"
296,"294,0","93,0","193,5","100,5"
297,"288,0","330,0","309,0","21,0"
298,"528,0","330,0","429,0","99,0"
299,"408,0","450,0","429,0","21,0"
300,"405,0","570,0","487,5","82,5"
301,"405,0","450,0","427,5","22,5"
302,"288,0","567,0","427,5","139,5"
303,"285,0","444,0","364,5","79,5"
304,"168,0","564,0","366,0","198,0"
305,"291,0","441,0","366,0","75,0"
306,"291,0","441,0","366,0","75,0"
307,"171,0","441,0","306,0","135,0"
308,"171,0","318,0","244,5","73,5"
309,"291,0","321,0","306,0","15,0"
310,"294,0","198,0","246,0","48,0"
311,"294,0","192,0","243,0","51,0"
312,"174,0","312,0","243,0","69,0"
313,"174,0","189,0","181,5","7,5"
314,"174,0","186,0","180,0","6,0"
315,"54,0","186,0","120,0","66,0"
316,"174,0","66,0","120,0","54,0"
317,"174,0","63,0","118,5","55,5"
318,"414,0","180,0","297,0","117,0"
319,"531,0","180,0","355,5","175,5"
320,"531,0","180,0","355,5","175,5"
321,"531,0","177,0","354,0","177,0"
322,"531,0","297,0","414,0","117,0"
323,"411,0","297,0","354,0","57,0"
324,"411,0","177,0","294,0","117,0"
325,"171,0","174,0","172,5","1,5"
326,"171,0","174,0","172,5","1,5"
327,"168,0","291,0","229,5","61,5"
328,"168,0","534,0","351,0","183,0"
329,"288,0","534,0","411,0","123,0"
330,"408,0","654,0","531,0","123,0"
331,"408,0","654,0","531,0","123,0"
332,"405,0","654,0","529,5","124,5"
333,"525,0","534,0","529,5","4,5"
334,"522,0","534,0","528,0","6,0"
335,"402,0","291,0","346,5","55,5"
336,"402,0","414,0","408,0","6,0"
337,"519,0","414,0","466,5","52,5"
338,"876,0","294,0","585,0","291,0"
339,"876,0","414,0","645,0","231,0"
340,"636,0","654,0","645,0","9,0"
341,"276,0","774,0","525,0","249,0"
342,"156,0","894,0","525,0","369,0"
343,"156,0","1131,0","643,5","487,5"
344,"36,0","1014,0","525,0","489,0"
345,"153,0","1014,0","583,5","430,5"
346,"393,0","531,0","462,0","69,0"
347,"756,0","411,0","583,5","172,5"
348,"756,0","531,0","643,5","112,5"
349,"636,0","531,0","583,5","52,5"
350,"639,0","531,0","585,0","54,0"
351,"525,0","531,0","528,0","3,0"
352,"765,0","537,0","651,0","114,0"
353,"1008,0","417,0","712,5","295,5"
354,"768,0","657,0","712,5","55,5"
355,"645,0","897,0","771,0","126,0"
356,"639,0","780,0","709,5","70,5"
357,"765,0","657,0","711,0","54,0"
358,"522,0","537,0","529,5","7,5"
359,"522,0","300,0","411,0","111,0"
360,"522,0","300,0","411,0","111,0"
361,"642,0","183,0","412,5","229,5"
362,"642,0","303,0","472,5","169,5"
363,"645,0","300,0","472,5","172,5"
364,"408,0","540,0","474,0","66,0"
365,"405,0","417,0","411,0","6,0"
366,"168,0","417,0","292,5","124,5"
367,"168,0","657,0","412,5","244,5"
368,"165,0","777,0","471,0","306,0"
369,"165,0","897,0","531,0","366,0"
370,"48,0","897,0","472,5","424,5"
371,"288,0","1017,0","652,5","364,5"
372,"408,0","1017,0","712,5","304,5"
373,"528,0","1134,0","831,0","303,0"
374,"528,0","1134,0","831,0","303,0"
375,"768,0","1014,0","891,0","123,0"
376,"1011,0","1371,0","1191,0","180,0"
377,"1374,0","1254,0","1314,0","60,0"
378,"1374,0","1374,0","1374,0","0,0"
379,"1374,0","1377,0","1375,5","1,5"
380,"1257,0","1140,0","1198,5","58,5"
381,"1020,0","1380,0","1200,0","180,0"
382,"1380,0","1617,0","1498,5","118,5"
383,"1263,0","1497,0","1380,0","117,0"
384,"1143,0","1617,0","1380,0","237,0"
385,"1263,0","1737,0","1500,0","237,0"
386,"1266,0","1257,0","1261,5","4,5"
387,"1146,0","1137,0","1141,5","4,5"
388,"1266,0","1020,0","1143,0","123,0"
389,"1026,0","900,0","963,0","63,0"
390,"1626,0","1140,0","1383,0","243,0"
391,"1746,0","1860,0","1803,0","57,0"
392,"1989,0","1860,0","1924,5","64,5"
393,"1629,0","2460,0","2044,5","415,5"
394,"1869,0","2223,0","2046,0","177,0"
395,"1509,0","2103,0","1806,0","297,0"
396,"1632,0","1626,0","1629,0","3,0"
397,"1875,0","1029,0","1452,0","423,0"
398,"1515,0","909,0","1212,0","303,0"
399,"1875,0","1026,0","1450,5","424,5"
400,"1755,0","1029,0","1392,0","363,0"
401,"1755,0","1032,0","1393,5","361,5"
402,"2118,0","1152,0","1635,0","483,0"
403,"2238,0","1152,0","1695,0","543,0"
404,"2601,0","1032,0","1816,5","784,5"
405,"2121,0","1158,0","1639,5","481,5"
406,"1401,0","1275,0","1338,0","63,0"
407,"1281,0","1638,0","1459,5","178,5"
408,"1398,0","1998,0","1698,0","300,0"
409,"1275,0","2238,0","1756,5","481,5"
410,"1758,0","2121,0","1939,5","181,5"
411,"2001,0","2001,0","2001,0","0,0"
412,"2001,0","1878,0","1939,5","61,5"
413,"2121,0","1518,0","1819,5","301,5"
414,"2484,0","1638,0","2061,0","423,0"
415,"2364,0","1761,0","2062,5","301,5"
416,"2601,0","1884,0","2242,5","358,5"
417,"2484,0","1644,0","2064,0","420,0"
418,"2247,0","1884,0","2065,5","181,5"
419,"2247,0","2844,0","2545,5","298,5"
420,"1890,0","2964,0","2427,0","537,0"
421,"2007,0","3204,0","2605,5","598,5"
422,"2127,0","3207,0","2667,0","540,0"
423,"2484,0","2724,0","2604,0","120,0"
424,"2370,0","2844,0","2607,0","237,0"
425,"2487,0","1767,0","2127,0","360,0"
426,"2490,0","2004,0","2247,0","243,0"
427,"2733,0","2124,0","2428,5","304,5"
428,"2859,0","2001,0","2430,0","429,0"
429,"2502,0","2721,0","2611,5","109,5"
430,"2502,0","2961,0","2731,5","229,5"
431,"2622,0","2970,0","2796,0","174,0"
432,"2862,0","3330,0","3096,0","234,0"
433,"2985,0","3090,0","3037,5","52,5"
434,"2265,0","3450,0","2857,5","592,5"
435,"2265,0","3210,0","2737,5","472,5"
436,"2508,0","2733,0","2620,5","112,5"
437,"2631,0","2253,0","2442,0","189,0"
438,"2991,0","2139,0","2565,0","426,0"
439,"2994,0","1779,0","2386,5","607,5"
440,"3474,0","1779,0","2626,5","847,5"
441,"3354,0","2616,0","2985,0","369,0"
442,"3834,0","2856,0","3345,0","489,0"
443,"3954,0","2973,0","3463,5","490,5"
444,"4197,0","3336,0","3766,5","430,5"
445,"3960,0","3105,0","3532,5","427,5"
446,"4200,0","2985,0","3592,5","607,5"
447,"3726,0","2985,0","3355,5","370,5"
448,"3366,0","3345,0","3355,5","10,5"
449,"3009,0","2859,0","2934,0","75,0"
450,"3249,0","2496,0","2872,5","376,5"
451,"3129,0","2616,0","2872,5","256,5"
452,"3129,0","2493,0","2811,0","318,0"
453,"3375,0","2616,0","2995,5","379,5"
454,"3015,0","2859,0","2937,0","78,0"
455,"2295,0","2859,0","2577,0","282,0"
456,"2175,0","2979,0","2577,0","402,0"
457,"1818,0","2502,0","2160,0","342,0"
458,"1938,0","2385,0","2161,5","223,5"
459,"2073,0","2508,0","2290,5","217,5"
460,"2073,0","2391,0","2232,0","159,0"
461,"2562,0","2871,0","2716,5","154,5"
462,"3171,0","2754,0","2962,5","208,5"
463,"3774,0","2877,0","3325,5","448,5"
464,"4254,0","3117,0","3685,5","568,5"
465,"4371,0","2517,0","3444,0","927,0"
466,"4494,0","2754,0","3624,0","870,0"
467,"4497,0","3243,0","3870,0","627,0"
468,"3777,0","3363,0","3570,0","207,0"
469,"3420,0","4203,0","3811,5","391,5"
470,"3300,0","4323,0","3811,5","511,5"
471,"3540,0","4566,0","4053,0","513,0"
472,"3903,0","3486,0","3694,5","208,5"
473,"4377,0","3492,0","3934,5","442,5"
474,"3660,0","3849,0","3754,5","94,5"
475,"2943,0","3969,0","3456,0","513,0"
476,"2826,0","4332,0","3579,0","753,0"
477,"2826,0","4809,0","3817,5","991,5"
478,"3309,0","4575,0","3942,0","633,0"
479,"3906,0","5295,0","4600,5","694,5"
480,"4266,0","5298,0","4782,0","516,0"
481,"4266,0","5178,0","4722,0","456,0"
482,"4386,0","5544,0","4965,0","579,0"
483,"4269,0","5304,0","4786,5","517,5"
484,"4155,0","5427,0","4791,0","636,0"
485,"4395,0","5193,0","4794,0","399,0"
486,"4515,0","4836,0","4675,5","160,5"
487,"5358,0","4722,0","5040,0","318,0"
488,"5481,0","4245,0","4863,0","618,0"
489,"5247,0","4608,0","4927,5","319,5"
490,"4404,0","4377,0","4390,5","13,5"
491,"4767,0","4617,0","4692,0","75,0"
492,"5367,0","4743,0","5055,0","312,0"
493,"5379,0","4866,0","5122,5","256,5"
494,"5745,0","4632,0","5188,5","556,5"
495,"5502,0","4281,0","4891,5","610,5"
496,"5382,0","4164,0","4773,0","609,0"
497,"5268,0","4290,0","4779,0","489,0"
498,"5271,0","4407,0","4839,0","432,0"
499,"4911,0","4887,0","4899,0","12,0"
500,"4197,0","5007,0","4602,0","405,0"
501,"4077,0","4770,0","4423,5","346,5"
502,"4323,0","5490,0","4906,5","583,5"
503,"3600,0","5496,0","4548,0","948,0"
504,"3600,0","5259,0","4429,5","829,5"
505,"3483,0","5505,0","4494,0","1011,0"
506,"4686,0","5274,0","4980,0","294,0"
507,"4686,0","5394,0","5040,0","354,0"
508,"4686,0","4926,0","4806,0","120,0"
509,"5049,0","4689,0","4869,0","180,0"
510,"5415,0","4332,0","4873,5","541,5"
511,"5181,0","3852,0","4516,5","664,5"
512,"4587,0","3492,0","4039,5","547,5"
513,"4590,0","2772,0","3681,0","909,0"
514,"4470,0","2895,0","3682,5","787,5"
515,"4473,0","2895,0","3684,0","789,0"
516,"4476,0","3126,0","3801,0","675,0"
517,"4239,0","3252,0","3745,5","493,5"
518,"4602,0","3855,0","4228,5","373,5"
519,"4485,0","3978,0","4231,5","253,5"
520,"4128,0","3858,0","3993,0","135,0"
521,"4011,0","3750,0","3880,5","130,5"
522,"3534,0","3999,0","3766,5","232,5"
523,"4257,0","4002,0","4129,5","127,5"
524,"4503,0","5082,0","4792,5","289,5"
525,"4749,0","4959,0","4854,0","105,0"
526,"5103,0","5439,0","5271,0","168,0"
527,"5349,0","5202,0","5275,5","73,5"
528,"5469,0","5448,0","5458,5","10,5"
529,"5475,0","5568,0","5521,5","46,5"
530,"6195,0","5334,0","5764,5","430,5"
531,"5715,0","5091,0","5403,0","312,0"
532,"5955,0","5340,0","5647,5","307,5"
533,"5481,0","5700,0","5590,5","109,5"
534,"5004,0","5826,0","5415,0","411,0"
535,"5004,0","5832,0","5418,0","414,0"
536,"4644,0","5367,0","5005,5","361,5"
537,"4761,0","5250,0","5005,5","244,5"
538,"4767,0","5856,0","5311,5","544,5"
539,"4893,0","5613,0","5253,0","360,0"
540,"4773,0","5730,0","5251,5","478,5"
541,"5502,0","5736,0","5619,0","117,0"
542,"5028,0","4668,0","4848,0","180,0"
543,"5145,0","4197,0","4671,0","474,0"
544,"4905,0","4320,0","4612,5","292,5"
545,"4071,0","4800,0","4435,5","364,5"
546,"4191,0","4437,0","4314,0","123,0"
547,"4431,0","4200,0","4315,5","115,5"
548,"4074,0","4683,0","4378,5","304,5"
549,"3951,0","4806,0","4378,5","427,5"
550,"4317,0","4323,0","4320,0","3,0"
551,"4689,0","3735,0","4212,0","477,0"
552,"5532,0","3261,0","4396,5","1135,5"
553,"5418,0","3501,0","4459,5","958,5"
554,"5415,0","4104,0","4759,5","655,5"
555,"4815,0","4464,0","4639,5","175,5"
556,"4698,0","5307,0","5002,5","304,5"
557,"4710,0","5424,0","5067,0","357,0"
558,"4710,0","5673,0","5191,5","481,5"
559,"4353,0","6033,0","5193,0","840,0"
560,"3885,0","6159,0","5022,0","1137,0"
561,"4248,0","5925,0","5086,5","838,5"
562,"4734,0","5808,0","5271,0","537,0"
563,"4986,0","5088,0","5037,0","51,0"
564,"5829,0","4260,0","5044,5","784,5"
565,"5844,0","3789,0","4816,5","1027,5"
566,"5853,0","3669,0","4761,0","1092,0"
567,"5862,0","4161,0","5011,5","850,5"
568,"5499,0","4890,0","5194,5","304,5"
569,"6474,0","4770,0","5622,0","852,0"
570,"6123,0","4293,0","5208,0","915,0"
571,"6249,0","4536,0","5392,5","856,5"
572,"6252,0","4176,0","5214,0","1038,0"
573,"5778,0","4059,0","4918,5","859,5"
574,"5058,0","4299,0","4678,5","379,5"
575,"4827,0","4293,0","4560,0","267,0"
576,"4953,0","4299,0","4626,0","327,0"
577,"4605,0","4656,0","4630,5","25,5"
578,"4977,0","4785,0","4881,0","96,0"
579,"4263,0","4422,0","4342,5","79,5"
580,"3786,0","4416,0","4101,0","315,0"
581,"3792,0","4662,0","4227,0","435,0"
582,"4638,0","4428,0","4533,0","105,0"
583,"4392,0","4308,0","4350,0","42,0"
584,"4389,0","4326,0","4357,5","31,5"
585,"3675,0","4446,0","4060,5","385,5"
586,"4155,0","4074,0","4114,5","40,5"
587,"4155,0","4191,0","4173,0","18,0"
588,"4641,0","4074,0","4357,5","283,5"
589,"5358,0","4203,0","4780,5","577,5"
590,"5970,0","4212,0","5091,0","879,0"
591,"5853,0","3609,0","4731,0","1122,0"
592,"6099,0","3372,0","4735,5","1363,5"
593,"5982,0","3627,0","4804,5","1177,5"
594,"5145,0","3999,0","4572,0","573,0"
595,"4800,0","3993,0","4396,5","403,5"
596,"4575,0","4239,0","4407,0","168,0"
597,"4698,0","4116,0","4407,0","291,0"
598,"4224,0","4011,0","4117,5","106,5"
599,"3753,0","3537,0","3645,0","108,0"
600,"3630,0","3423,0","3526,5","103,5"
601,"3747,0","4269,0","4008,0","261,0"
602,"3753,0","4869,0","4311,0","558,0"
603,"3519,0","4998,0","4258,5","739,5"
604,"3654,0","4644,0","4149,0","495,0"
605,"3423,0","4662,0","4042,5","619,5"
606,"3906,0","4905,0","4405,5","499,5"
607,"3795,0","5388,0","4591,5","796,5"
608,"3924,0","5391,0","4657,5","733,5"
609,"4167,0","5637,0","4902,0","735,0"
610,"4419,0","6126,0","5272,5","853,5"
611,"4191,0","6621,0","5406,0","1215,0"
612,"4317,0","5670,0","4993,5","676,5"
613,"4320,0","6051,0","5185,5","865,5"
614,"4566,0","6060,0","5313,0","747,0"
615,"5163,0","6081,0","5622,0","459,0"
616,"6003,0","5235,0","5619,0","384,0"
617,"6378,0","5598,0","5988,0","390,0"
618,"6027,0","5118,0","5572,5","454,5"
619,"6630,0","5004,0","5817,0","813,0"
620,"6882,0","4644,0","5763,0","1119,0"
621,"6657,0","4413,0","5535,0","1122,0"
622,"5943,0","4662,0","5302,5","640,5"
623,"5226,0","5019,0","5122,5","103,5"
624,"5475,0","4908,0","5191,5","283,5"
625,"5709,0","4437,0","5073,0","636,0"
626,"5712,0","4323,0","5017,5","694,5"
627,"4869,0","4815,0","4842,0","27,0"
628,"4758,0","5175,0","4966,5","208,5"
629,"5844,0","4470,0","5157,0","687,0"
630,"6315,0","4482,0","5398,5","916,5"
631,"7056,0","4482,0","5769,0","1287,0"
632,"6705,0","4731,0","5718,0","987,0"
633,"6708,0","4731,0","5719,5","988,5"
634,"6489,0","4248,0","5368,5","1120,5"
635,"6261,0","4380,0","5320,5","940,5"
636,"6393,0","4737,0","5565,0","828,0"
637,"6636,0","4632,0","5634,0","1002,0"
638,"6156,0","4527,0","5341,5","814,5"
639,"5799,0","4662,0","5230,5","568,5"
640,"5322,0","5160,0","5241,0","81,0"
641,"4725,0","5769,0","5247,0","522,0"
642,"5100,0","5772,0","5436,0","336,0"
643,"5469,0","6141,0","5805,0","336,0"
644,"5721,0","6024,0","5872,5","151,5"
645,"5949,0","6276,0","6112,5","163,5"
646,"5388,0","6288,0","5838,0","450,0"
647,"5040,0","6183,0","5611,5","571,5"
648,"5295,0","6072,0","5683,5","388,5"
649,"5691,0","6549,0","6120,0","429,0"
650,"6192,0","5958,0","6075,0","117,0"
651,"6438,0","6093,0","6265,5","172,5"
652,"6204,0","5754,0","5979,0","225,0"
653,"5970,0","4809,0","5389,5","580,5"
654,"5856,0","6153,0","6004,5","148,5"
655,"5256,0","5214,0","5235,0","21,0"
656,"6219,0","5472,0","5845,5","373,5"
657,"6591,0","4995,0","5793,0","798,0"
658,"7083,0","5262,0","6172,5","910,5"
659,"7332,0","5274,0","6303,0","1029,0"
660,"6861,0","5286,0","6073,5","787,5"
661,"6630,0","5178,0","5904,0","726,0"
662,"6756,0","5667,0","6211,5","544,5"
663,"6759,0","5451,0","6105,0","654,0"
664,"7128,0","6066,0","6597,0","531,0"
665,"7266,0","6081,0","6673,5","592,5"
666,"7164,0","5376,0","6270,0","894,0"
667,"6708,0","6240,0","6474,0","234,0"
668,"6492,0","7200,0","6846,0","354,0"
669,"5784,0","7797,0","6790,5","1006,5"
670,"5670,0","7689,0","6679,5","1009,5"
671,"6177,0","8316,0","7246,5","1069,5"
672,"5829,0","7623,0","6726,0","897,0"
673,"5730,0","7632,0","6681,0","951,0"
674,"5631,0","6801,0","6216,0","585,0"
675,"5895,0","6222,0","6058,5","163,5"
676,"6261,0","6111,0","6186,0","75,0"
677,"6510,0","5637,0","6073,5","436,5"
678,"6294,0","5895,0","6094,5","199,5"
679,"6786,0","5904,0","6345,0","441,0"
680,"6429,0","7125,0","6777,0","348,0"
681,"7038,0","8577,0","7807,5","769,5"
682,"8127,0","8709,0","8418,0","291,0"
683,"8613,0","8724,0","8668,5","55,5"
684,"9108,0","8154,0","8631,0","477,0"
685,"8868,0","7806,0","8337,0","531,0"
686,"8523,0","8172,0","8347,5","175,5"
687,"9369,0","8181,0","8775,0","594,0"
688,"8052,0","7587,0","7819,5","232,5"
689,"7338,0","7965,0","7651,5","313,5"
690,"8415,0","7362,0","7888,5","526,5"
691,"8064,0","7863,0","7963,5","100,5"
692,"9153,0","8133,0","8643,0","510,0"
693,"9063,0","8133,0","8598,0","465,0"
694,"8361,0","8148,0","8254,5","106,5"
695,"8970,0","8286,0","8628,0","342,0"
696,"8850,0","8667,0","8758,5","91,5"
697,"8502,0","8928,0","8715,0","213,0"
698,"9132,0","8697,0","8914,5","217,5"
699,"8796,0","9210,0","9003,0","207,0"
700,"8574,0","10173,0","9373,5","799,5"
701,"7884,0","9714,0","8799,0","915,0"
702,"8487,0","9372,0","8929,5","442,5"
703,"8850,0","8796,0","8823,0","27,0"
704,"8868,0","8700,0","8784,0","84,0"
705,"8988,0","8607,0","8797,5","190,5"
706,"8889,0","9084,0","8986,5","97,5"
707,"9279,0","8505,0","8892,0","387,0"
708,"9420,0","8883,0","9151,5","268,5"
709,"9303,0","8913,0","9108,0","195,0"
710,"9093,0","8808,0","8950,5","142,5"
711,"9849,0","9189,0","9519,0","330,0"
712,"9990,0","9459,0","9724,5","265,5"
713,"10737,0","9996,0","10366,5","370,5"
714,"10971,0","9795,0","10383,0","588,0"
715,"11352,0","11151,0","11251,5","100,5"
716,"11379,0","11286,0","11332,5","46,5"
717,"10920,0","10230,0","10575,0","345,0"
718,"10713,0","10479,0","10596,0","117,0"
719,"11697,0","9312,0","10504,5","1192,5"
720,"11355,0","10191,0","10773,0","582,0"
721,"11379,0","10575,0","10977,0","402,0"
722,"10293,0","10704,0","10498,5","205,5"
723,"9714,0","11325,0","10519,5","805,5"
724,"9498,0","11229,0","10363,5","865,5"
725,"9900,0","10413,0","10156,5","256,5"
726,"10245,0","10059,0","10152,0","93,0"
727,"10887,0","9495,0","10191,0","696,0"
728,"11652,0","10833,0","11242,5","409,5"
729,"11688,0","11208,0","11448,0","240,0"
730,"10623,0","11604,0","11113,5","490,5"
731,"11034,0","12945,0","11989,5","955,5"
732,"11289,0","12627,0","11958,0","669,0"
733,"12381,0","12774,0","12577,5","196,5"
734,"12183,0","12585,0","12384,0","201,0"
735,"13077,0","11991,0","12534,0","543,0"
736,"12987,0","11643,0","12315,0","672,0"
737,"12765,0","10722,0","11743,5","1021,5"
738,"13266,0","10623,0","11944,5","1321,5"
739,"12729,0","10644,0","11686,5","1042,5"
740,"12867,0","11748,0","12307,5","559,5"
741,"14082,0","11631,0","12856,5","1225,5"
742,"13158,0","12510,0","12834,0","324,0"
743,"13665,0","12540,0","13102,5","562,5"
744,"14049,0","12213,0","13131,0","918,0"
745,"14403,0","12366,0","13384,5","1018,5"
746,"14775,0","12420,0","13597,5","1177,5"
747,"15771,0","13896,0","14833,5","937,5"
748,"15219,0","13326,0","14272,5","946,5"
749,"14880,0","12390,0","13635,0","1245,0"
750,"14802,0","12900,0","13851,0","951,0"
751,"14463,0","13167,0","13815,0","648,0"
752,"14613,0","13089,0","13851,0","762,0"
753,"14520,0","12909,0","13714,5","805,5"
754,"14802,0","13305,0","14053,5","748,5"
755,"15330,0","14154,0","14742,0","588,0"
756,"14289,0","13941,0","14115,0","174,0"
757,"14679,0","13827,0","14253,0","426,0"
758,"15903,0","13605,0","14754,0","1149,0"
759,"16422,0","14613,0","15517,5","904,5"
760,"15870,0","14760,0","15315,0","555,0"
761,"14703,0","13935,0","14319,0","384,0"
762,"13644,0","14580,0","14112,0","468,0"
763,"14247,0","15453,0","14850,0","603,0"
764,"14763,0","15594,0","15178,5","415,5"
765,"14061,0","15993,0","15027,0","966,0"
766,"14454,0","15912,0","15183,0","729,0"
767,"14823,0","15585,0","15204,0","381,0"
768,"16668,0","15621,0","16144,5","523,5"
769,"17190,0","14706,0","15948,0","1242,0"
770,"17814,0","15441,0","16627,5","1186,5"
771,"17265,0","15708,0","16486,5","778,5"
772,"17763,0","16671,0","17217,0","546,0"
773,"18516,0","17196,0","17856,0","660,0"
774,"18546,0","17247,0","17896,5","649,5"
775,"18234,0","17256,0","17745,0","489,0"
776,"17808,0","17889,0","17848,5","40,5"
777,"16392,0","17913,0","17152,5","760,5"
778,"16302,0","17718,0","17010,0","708,0"
779,"15621,0","17523,0","16572,0","951,0"
780,"15294,0","16230,0","15762,0","468,0"
781,"16080,0","15915,0","15997,5","82,5"
782,"17076,0","15012,0","16044,0","1032,0"
783,"17967,0","15750,0","16858,5","1108,5"
784,"17763,0","16725,0","17244,0","519,0"
785,"17556,0","17721,0","17638,5","82,5"
786,"17589,0","19449,0","18519,0","930,0"
787,"17391,0","19236,0","18313,5","922,5"
788,"16344,0","19176,0","17760,0","1416,0"
789,"16275,0","18621,0","17448,0","1173,0"
790,"17124,0","18294,0","17709,0","585,0"
791,"16917,0","19782,0","18349,5","1432,5"
792,"16851,0","19446,0","18148,5","1297,5"
793,"17139,0","19347,0","18243,0","1104,0"
794,"16449,0","19869,0","18159,0","1710,0"
795,"16110,0","20130,0","18120,0","2010,0"
796,"17211,0","19800,0","18505,5","1294,5"
797,"18600,0","20187,0","19393,5","793,5"
798,"19026,0","20469,0","19747,5","721,5"
799,"19191,0","21441,0","20316,0","1125,0"
800,"19830,0","21585,0","20707,5","877,5"
801,"19266,0","21375,0","20320,5","1054,5"
802,"19296,0","20439,0","19867,5","571,5"
803,"20874,0","20736,0","20805,0","69,0"
804,"19614,0","21732,0","20673,0","1059,0"
805,"20964,0","21042,0","21003,0","39,0"
806,"20133,0","19674,0","19903,5","229,5"
807,"20403,0","19470,0","19936,5","466,5"
808,"21243,0","19830,0","20536,5","706,5"
809,"21417,0","20001,0","20709,0","708,0"
810,"21438,0","20508,0","20973,0","465,0"
811,"20985,0","21246,0","21115,5","130,5"
812,"20067,0","21774,0","20920,5","853,5"
813,"20481,0","22152,0","21316,5","835,5"
814,"19908,0","22398,0","21153,0","1245,0"
815,"19818,0","22542,0","21180,0","1362,0"
816,"19707,0","20514,0","20110,5","403,5"
817,"21435,0","20433,0","20934,0","501,0"
818,"21369,0","19857,0","20613,0","756,0"
819,"22008,0","20373,0","21190,5","817,5"
820,"22605,0","19953,0","21279,0","1326,0"
821,"22629,0","19479,0","21054,0","1575,0"
822,"21087,0","20685,0","20886,0","201,0"
823,"21825,0","21294,0","21559,5","265,5"
824,"21135,0","20622,0","20878,5","256,5"
825,"20931,0","21747,0","21339,0","408,0"
826,"21195,0","21078,0","21136,5","58,5"
827,"20025,0","21231,0","20628,0","603,0"
828,"19830,0","20289,0","20059,5","229,5"
829,"20325,0","20451,0","20388,0","63,0"
830,"21330,0","21669,0","21499,5","169,5"
831,"19113,0","23013,0","21063,0","1950,0"
832,"19992,0","22581,0","21286,5","1294,5"
833,"19635,0","22734,0","21184,5","1549,5"
834,"19959,0","22680,0","21319,5","1360,5"
835,"21558,0","23415,0","22486,5","928,5"
836,"23340,0","23805,0","23572,5","232,5"
837,"23277,0","23205,0","23241,0","36,0"
838,"22950,0","23364,0","23157,0","207,0"
839,"24411,0","24351,0","24381,0","30,0"
840,"24321,0","23301,0","23811,0","510,0"
841,"23868,0","23208,0","23538,0","330,0"
842,"24414,0","23460,0","23937,0","477,0"
843,"24060,0","22071,0","23065,5","994,5"
844,"24669,0","22812,0","23740,5","928,5"
845,"25785,0","21516,0","23650,5","2134,5"
846,"24987,0","21546,0","23266,5","1720,5"
847,"24396,0","22053,0","23224,5","1171,5"
848,"23193,0","21735,0","22464,0","729,0"
849,"22518,0","23325,0","22921,5","403,5"
850,"24120,0","23352,0","23736,0","384,0"
851,"23670,0","22758,0","23214,0","456,0"
852,"23445,0","23364,0","23404,5","40,5"
853,"24705,0","23148,0","23926,5","778,5"
854,"24357,0","23181,0","23769,0","588,0"
855,"24252,0","21846,0","23049,0","1203,0"
856,"24618,0","21036,0","22827,0","1791,0"
857,"24030,0","21909,0","22969,5","1060,5"
858,"22827,0","22758,0","22792,5","34,5"
859,"23295,0","22413,0","22854,0","441,0"
860,"22764,0","21954,0","22359,0","405,0"
861,"23526,0","22659,0","23092,5","433,5"
862,"23778,0","22461,0","23119,5","658,5"
863,"24111,0","21381,0","22746,0","1365,0"
864,"24594,0","20916,0","22755,0","1839,0"
865,"23409,0","20673,0","22041,0","1368,0"
866,"23175,0","20679,0","21927,0","1248,0"
867,"23889,0","20439,0","22164,0","1725,0"
868,"25125,0","22374,0","23749,5","1375,5"
869,"25518,0","23478,0","24498,0","1020,0"
870,"26619,0","24330,0","25474,5","1144,5"
871,"25767,0","25293,0","25530,0","237,0"
872,"26025,0","25167,0","25596,0","429,0"
873,"26412,0","25554,0","25983,0","429,0"
874,"25938,0","25587,0","25762,5","175,5"
875,"24627,0","26307,0","25467,0","840,0"
876,"24048,0","26091,0","25069,5","1021,5"
877,"22293,0","25866,0","24079,5","1786,5"
878,"22758,0","24840,0","23799,0","1041,0"
879,"22521,0","23688,0","23104,5","583,5"
880,"22272,0","23811,0","23041,5","769,5"
881,"21696,0","24780,0","23238,0","1542,0"
882,"22917,0","23865,0","23391,0","474,0"
883,"23640,0","25647,0","24643,5","1003,5"
884,"23871,0","25332,0","24601,5","730,5"
885,"25335,0","24252,0","24793,5","541,5"
886,"26556,0","23694,0","25125,0","1431,0"
887,"27753,0","23607,0","25680,0","2073,0"
888,"27282,0","23868,0","25575,0","1707,0"
889,"25752,0","23160,0","24456,0","1296,0"
890,"25545,0","22074,0","23809,5","1735,5"
891,"25440,0","22422,0","23931,0","1509,0"
892,"25671,0","21984,0","23827,5","1843,5"
893,"24684,0","22716,0","23700,0","984,0"
894,"23970,0","23085,0","23527,5","442,5"
895,"23652,0","22509,0","23080,5","571,5"
896,"24381,0","23484,0","23932,5","448,5"
897,"23901,0","23259,0","23580,0","321,0"
898,"23442,0","23481,0","23461,5","19,5"
899,"22488,0","25425,0","23956,5","1468,5"
900,"21756,0","25089,0","23422,5","1666,5"
901,"22248,0","25230,0","23739,0","1491,0"
902,"22746,0","25236,0","23991,0","1245,0"
903,"23118,0","25608,0","24363,0","1245,0"
904,"21189,0","25473,0","23331,0","2142,0"
905,"21312,0","25947,0","23629,5","2317,5"
906,"21435,0","25731,0","23583,0","2148,0"
907,"21093,0","25167,0","23130,0","2037,0"
908,"21168,0","23724,0","22446,0","1278,0"
909,"22185,0","25053,0","23619,0","1434,0"
910,"22086,0","24534,0","23310,0","1224,0"
911,"23292,0","24189,0","23740,5","448,5"
912,"24636,0","24195,0","24415,5","220,5"
913,"24279,0","23475,0","23877,0","402,0"
914,"24768,0","23601,0","24184,5","583,5"
915,"26025,0","22539,0","24282,0","1743,0"
916,"25671,0","24126,0","24898,5","772,5"
917,"26175,0","24132,0","25153,5","1021,5"
918,"26193,0","25104,0","25648,5","544,5"
919,"26277,0","25122,0","25699,5","577,5"
920,"26316,0","26235,0","26275,5","40,5"
921,"25488,0","25152,0","25320,0","168,0"
922,"24765,0","26586,0","25675,5","910,5"
923,"23322,0","25185,0","24253,5","931,5"
924,"23238,0","24474,0","23856,0","618,0"
925,"23964,0","23751,0","23857,5","106,5"
926,"23244,0","24579,0","23911,5","667,5"
927,"23607,0","25467,0","24537,0","930,0"
928,"25425,0","25347,0","25386,0","39,0"
929,"25101,0","24630,0","24865,5","235,5"
930,"25599,0","24180,0","24889,5","709,5"
931,"25869,0","24423,0","25146,0","723,0"
932,"25623,0","24396,0","25009,5","613,5"
933,"25086,0","25452,0","25269,0","183,0"
934,"24369,0","25986,0","25177,5","808,5"
935,"24483,0","25620,0","25051,5","568,5"
936,"23787,0","26100,0","24943,5","1156,5"
937,"23904,0","26451,0","25177,5","1273,5"
938,"25065,0","26304,0","25684,5","619,5"
939,"25881,0","26046,0","25963,5","82,5"
940,"26364,0","24993,0","25678,5","685,5"
941,"26571,0","22845,0","24708,0","1863,0"
942,"26328,0","22887,0","24607,5","1720,5"
943,"25269,0","23034,0","24151,5","1117,5"
944,"25533,0","23022,0","24277,5","1255,5"
945,"26031,0","24567,0","25299,0","732,0"
946,"25920,0","23724,0","24822,0","1098,0"
947,"27099,0","25986,0","26542,5","556,5"
948,"26991,0","26688,0","26839,5","151,5"
949,"27111,0","26337,0","26724,0","387,0"
950,"30096,0","25644,0","27870,0","2226,0"
951,"28416,0","25641,0","27028,5","1387,5"
952,"28341,0","26316,0","27328,5","1012,5"
953,"28485,0","25830,0","27157,5","1327,5"
954,"27297,0","25626,0","26461,5","835,5"
955,"27585,0","25743,0","26664,0","921,0"
956,"28176,0","26226,0","27201,0","975,0"
957,"28176,0","25797,0","26986,5","1189,5"
958,"28785,0","26532,0","27658,5","1126,5"
959,"28188,0","27006,0","27597,0","591,0"
960,"27237,0","27153,0","27195,0","42,0"
961,"27273,0","25971,0","26622,0","651,0"
962,"27510,0","26595,0","27052,5","457,5"
963,"26469,0","26715,0","26592,0","123,0"
964,"26610,0","26598,0","26604,0","6,0"
965,"27123,0","27933,0","27528,0","405,0"
966,"26778,0","28545,0","27661,5","883,5"
967,"26547,0","28809,0","27678,0","1131,0"
968,"26895,0","28584,0","27739,5","844,5"
969,"26619,0","29058,0","27838,5","1219,5"
970,"27216,0","28242,0","27729,0","513,0"
971,"27354,0","28980,0","28167,0","813,0"
972,"28932,0","27060,0","27996,0","936,0"
973,"30498,0","27432,0","28965,0","1533,0"
974,"29673,0","29031,0","29352,0","321,0"
975,"29055,0","30474,0","29764,5","709,5"
976,"29928,0","31251,0","30589,5","661,5"
977,"29007,0","31302,0","30154,5","1147,5"
978,"30393,0","33108,0","31750,5","1357,5"
979,"29529,0","33066,0","31297,5","1768,5"
980,"29193,0","30255,0","29724,0","531,0"
981,"28401,0","31113,0","29757,0","1356,0"
982,"28923,0","29241,0","29082,0","159,0"
983,"26634,0","28557,0","27595,5","961,5"
984,"27489,0","28116,0","27802,5","313,5"
985,"28287,0","28284,0","28285,5","1,5"
986,"28575,0","28095,0","28335,0","240,0"
987,"30387,0","28251,0","29319,0","1068,0"
988,"31152,0","28365,0","29758,5","1393,5"
989,"30693,0","29715,0","30204,0","489,0"
990,"30276,0","32019,0","31147,5","871,5"
991,"30573,0","33261,0","31917,0","1344,0"
992,"31158,0","34302,0","32730,0","1572,0"
993,"31638,0","35157,0","33397,5","1759,5"
994,"30843,0","36126,0","33484,5","2641,5"
995,"30657,0","35679,0","33168,0","2511,0"
996,"31044,0","35322,0","33183,0","2139,0"
997,"34659,0","35022,0","34840,5","181,5"
998,"35868,0","34326,0","35097,0","771,0"
999,"35535,0","34986,0","35260,5","274,5"
1000,"33828,0","34398,0","34113,0","285,0"
1001,"34119,0","34413,0","34266,0","147,0"
1002,"34746,0","33159,0","33952,5","793,5"
1003,"35379,0","33177,0","34278,0","1101,0"
1004,"34929,0","32271,0","33600,0","1329,0"
1005,"34473,0","31701,0","33087,0","1386,0"
1006,"35736,0","32718,0","34227,0","1509,0"
1007,"35763,0","32511,0","34137,0","1626,0"
1008,"35874,0","35781,0","35827,5","46,5"
1009,"36384,0","35664,0","36024,0","360,0"
1010,"35895,0","35463,0","35679,0","216,0"
1011,"37737,0","34791,0","36264,0","1473,0"
1012,"37056,0","35535,0","36295,5","760,5"
1013,"35880,0","36411,0","36145,5","265,5"
1014,"36651,0","36936,0","36793,5","142,5"
1015,"36663,0","37464,0","37063,5","400,5"
1016,"34686,0","36678,0","35682,0","996,0"
1017,"35703,0","36519,0","36111,0","408,0"
1018,"35619,0","34788,0","35203,5","415,5"
1019,"35397,0","34806,0","35101,5","295,5"
1020,"36516,0","36129,0","36322,5","193,5"
1021,"37371,0","36426,0","36898,5","472,5"
1022,"37968,0","36315,0","37141,5","826,5"
1023,"37524,0","34824,0","36174,0","1350,0"
1024,"37539,0","34284,0","35911,5","1627,5"
1025,"37599,0","34560,0","36079,5","1519,5"
1026,"38982,0","36186,0","37584,0","1398,0"
1027,"39261,0","36453,0","37857,0","1404,0"
1028,"39909,0","35052,0","37480,5","2428,5"
1029,"39114,0","37701,0","38407,5","706,5"
1030,"39489,0","38340,0","38914,5","574,5"
1031,"40353,0","39612,0","39982,5","370,5"
1032,"41124,0","39075,0","40099,5","1024,5"
1033,"41637,0","40245,0","40941,0","696,0"
1034,"42894,0","39945,0","41419,5","1474,5"
1035,"42201,0","39735,0","40968,0","1233,0"
1036,"43458,0","39450,0","41454,0","2004,0"
1037,"41832,0","40326,0","41079,0","753,0"
1038,"42486,0","42441,0","42463,5","22,5"
1039,"43581,0","44256,0","43918,5","337,5"
1040,"43254,0","43878,0","43566,0","312,0"
1041,"43182,0","43425,0","43303,5","121,5"
1042,"44889,0","41058,0","42973,5","1915,5"
1043,"42378,0","41571,0","41974,5","403,5"
1044,"42084,0","40536,0","41310,0","774,0"
1045,"43080,0","40956,0","42018,0","1062,0"
1046,"43806,0","41364,0","42585,0","1221,0"
1047,"43041,0","40488,0","41764,5","1276,5"
1048,"40086,0","40452,0","40269,0","183,0"
1049,"39249,0","40653,0","39951,0","702,0"
1050,"40164,0","40191,0","40177,5","13,5"
1051,"39387,0","39960,0","39673,5","286,5"
1052,"39171,0","40374,0","39772,5","601,5"
1053,"38064,0","40302,0","39183,0","1119,0"
1054,"37977,0","39390,0","38683,5","706,5"
1055,"38478,0","38919,0","38698,5","220,5"
1056,"38514,0","38100,0","38307,0","207,0"
1057,"38412,0","38157,0","38284,5","127,5"
1058,"38325,0","36729,0","37527,0","798,0"
1059,"39696,0","34956,0","37326,0","2370,0"
1060,"40806,0","34257,0","37531,5","3274,5"
1061,"38331,0","35838,0","37084,5","1246,5"
1062,"38274,0","37749,0","38011,5","262,5"
1063,"39150,0","38148,0","38649,0","501,0"
1064,"38139,0","39345,0","38742,0","603,0"
1065,"37350,0","40029,0","38689,5","1339,5"
1066,"38487,0","41166,0","39826,5","1339,5"
1067,"41115,0","42759,0","41937,0","822,0"
1068,"41877,0","43416,0","42646,5","769,5"
1069,"40941,0","42021,0","41481,0","540,0"
1070,"41139,0","43194,0","42166,5","1027,5"
1071,"40653,0","41139,0","40896,0","243,0"
1072,"39396,0","40542,0","39969,0","573,0"
1073,"39432,0","41271,0","40351,5","919,5"
1074,"40359,0","41532,0","40945,5","586,5"
1075,"41010,0","41712,0","41361,0","351,0"
1076,"41184,0","38835,0","40009,5","1174,5"
1077,"39054,0","38616,0","38835,0","219,0"
1078,"36894,0","37341,0","37117,5","223,5"
1079,"36528,0","36852,0","36690,0","162,0"
1080,"37134,0","37599,0","37366,5","232,5"
1081,"37335,0","36408,0","36871,5","463,5"
1082,"35415,0","35925,0","35670,0","255,0"
1083,"35532,0","36528,0","36030,0","498,0"
1084,"36762,0","38193,0","37477,5","715,5"
1085,"37512,0","39018,0","38265,0","753,0"
1086,"38109,0","39717,0","38913,0","804,0"
1087,"39234,0","37941,0","38587,5","646,5"
1088,"40293,0","38076,0","39184,5","1108,5"
1089,"39807,0","37242,0","38524,5","1282,5"
1090,"40164,0","37455,0","38809,5","1354,5"
1091,"39459,0","37563,0","38511,0","948,0"
1092,"39084,0","38391,0","38737,5","346,5"
1093,"39426,0","37770,0","38598,0","828,0"
1094,"39600,0","36897,0","38248,5","1351,5"
1095,"39483,0","36774,0","38128,5","1354,5"
1096,"37917,0","36426,0","37171,5","745,5"
1097,"37941,0","37011,0","37476,0","465,0"
1098,"38427,0","36021,0","37224,0","1203,0"
1099,"39843,0","36141,0","37992,0","1851,0"
1100,"39591,0","36630,0","38110,5","1480,5"
1101,"39144,0","35403,0","37273,5","1870,5"
1102,"39162,0","36243,0","37702,5","1459,5"
1103,"38691,0","36846,0","37768,5","922,5"
1104,"38466,0","36963,0","37714,5","751,5"
1105,"38211,0","36486,0","37348,5","862,5"
1106,"38352,0","37266,0","37809,0","543,0"
1107,"38061,0","38727,0","38394,0","333,0"
1108,"37794,0","39198,0","38496,0","702,0"
1109,"36567,0","38994,0","37780,5","1213,5"
1110,"37515,0","39582,0","38548,5","1033,5"
1111,"38562,0","37935,0","38248,5","313,5"
1112,"40485,0","37089,0","38787,0","1698,0"
1113,"38997,0","36336,0","37666,5","1330,5"
1114,"38103,0","36723,0","37413,0","690,0"
1115,"35931,0","35502,0","35716,5","214,5"
1116,"37101,0","36228,0","36664,5","436,5"
1117,"35502,0","36201,0","35851,5","349,5"
1118,"35607,0","37365,0","36486,0","879,0"
1119,"35265,0","37113,0","36189,0","924,0"
1120,"35193,0","36261,0","35727,0","534,0"
1121,"35286,0","35667,0","35476,5","190,5"
1122,"35079,0","35871,0","35475,0","396,0"
1123,"34974,0","34860,0","34917,0","57,0"
1124,"34503,0","35685,0","35094,0","591,0"
1125,"35313,0","34377,0","34845,0","468,0"
1126,"34191,0","34317,0","34254,0","63,0"
1127,"34275,0","34878,0","34576,5","301,5"
1128,"32907,0","33747,0","33327,0","420,0"
1129,"34194,0","32886,0","33540,0","654,0"
1130,"34296,0","32649,0","33472,5","823,5"
1131,"34776,0","33825,0","34300,5","475,5"
1132,"34983,0","32979,0","33981,0","1002,0"
1133,"33603,0","33447,0","33525,0","78,0"
1134,"32718,0","33777,0","33247,5","529,5"
1135,"32430,0","33609,0","33019,5","589,5"
1136,"31884,0","32607,0","32245,5","361,5"
1137,"33063,0","31275,0","32169,0","894,0"
1138,"31821,0","32883,0","32352,0","531,0"
1139,"31422,0","33243,0","32332,5","910,5"
1140,"30450,0","32124,0","31287,0","837,0"
1141,"30342,0","32460,0","31401,0","1059,0"
1142,"30939,0","30909,0","30924,0","15,0"
1143,"29337,0","31224,0","30280,5","943,5"
1144,"29556,0","31548,0","30552,0","996,0"
1145,"29784,0","30888,0","30336,0","552,0"
1146,"30132,0","30510,0","30321,0","189,0"
1147,"28095,0","30264,0","29179,5","1084,5"
1148,"27261,0","29499,0","28380,0","1119,0"
1149,"25890,0","30363,0","28126,5","2236,5"
1150,"26241,0","31041,0","28641,0","2400,0"
1151,"26901,0","31413,0","29157,0","2256,0"
1152,"27741,0","31509,0","29625,0","1884,0"
1153,"27456,0","31005,0","29230,5","1774,5"
1154,"27447,0","30726,0","29086,5","1639,5"
1155,"27288,0","30354,0","28821,0","1533,0"
1156,"27783,0","29838,0","28810,5","1027,5"
1157,"28572,0","29526,0","29049,0","477,0"
1158,"27660,0","28686,0","28173,0","513,0"
1159,"27504,0","28896,0","28200,0","696,0"
1160,"26889,0","28962,0","27925,5","1036,5"
1161,"27351,0","28230,0","27790,5","439,5"
1162,"26478,0","28551,0","27514,5","1036,5"
1163,"27789,0","30612,0","29200,5","1411,5"
1164,"27369,0","29598,0","28483,5","1114,5"
1165,"26835,0","30837,0","28836,0","2001,0"
1166,"26544,0","30687,0","28615,5","2071,5"
1167,"26742,0","30165,0","28453,5","1711,5"
1168,"25848,0","28968,0","27408,0","1560,0"
1169,"26358,0","28071,0","27214,5","856,5"
1170,"25971,0","28026,0","26998,5","1027,5"
1171,"25449,0","26271,0","25860,0","411,0"
1172,"26022,0","27531,0","26776,5","754,5"
1173,"26202,0","27987,0","27094,5","892,5"
1174,"26364,0","27804,0","27084,0","720,0"
1175,"25827,0","27372,0","26599,5","772,5"
1176,"25275,0","26655,0","25965,0","690,0"
1177,"25617,0","25560,0","25588,5","28,5"
1178,"24597,0","24873,0","24735,0","138,0"
1179,"24699,0","24678,0","24688,5","10,5"
1180,"24432,0","23973,0","24202,5","229,5"
1181,"24267,0","23667,0","23967,0","300,0"
1182,"24327,0","23940,0","24133,5","193,5"
1183,"23922,0","24114,0","24018,0","96,0"
1184,"24339,0","22851,0","23595,0","744,0"
1185,"25134,0","22575,0","23854,5","1279,5"
1186,"24960,0","22053,0","23506,5","1453,5"
1187,"23808,0","21039,0","22423,5","1384,5"
1188,"23502,0","21096,0","22299,0","1203,0"
1189,"22110,0","21666,0","21888,0","222,0"
1190,"21654,0","21255,0","21454,5","199,5"
1191,"21372,0","22056,0","21714,0","342,0"
1192,"20130,0","21663,0","20896,5","766,5"
1193,"21060,0","21861,0","21460,5","400,5"
1194,"21264,0","21450,0","21357,0","93,0"
1195,"21903,0","21624,0","21763,5","139,5"
1196,"21384,0","22389,0","21886,5","502,5"
1197,"21573,0","22785,0","22179,0","606,0"
1198,"21312,0","22137,0","21724,5","412,5"
1199,"20541,0","22551,0","21546,0","1005,0"
1200,"18897,0","22491,0","20694,0","1797,0"
1201,"19572,0","22092,0","20832,0","1260,0"
1202,"20031,0","21789,0","20910,0","879,0"
1203,"20106,0","20412,0","20259,0","153,0"
1204,"20649,0","20745,0","20697,0","48,0"
1205,"20835,0","21051,0","20943,0","108,0"
1206,"21030,0","21219,0","21124,5","94,5"
1207,"20346,0","21141,0","20743,5","397,5"
1208,"19794,0","20214,0","20004,0","210,0"
1209,"20091,0","18468,0","19279,5","811,5"
1210,"19011,0","18189,0","18600,0","411,0"
1211,"18480,0","17796,0","18138,0","342,0"
1212,"18330,0","17982,0","18156,0","174,0"
1213,"19218,0","17328,0","18273,0","945,0"
1214,"19509,0","17157,0","18333,0","1176,0"
1215,"19476,0","17241,0","18358,5","1117,5"
1216,"18882,0","17064,0","17973,0","909,0"
1217,"19422,0","17973,0","18697,5","724,5"
1218,"18294,0","17049,0","17671,5","622,5"
1219,"18105,0","15693,0","16899,0","1206,0"
1220,"17568,0","15306,0","16437,0","1131,0"
1221,"17523,0","16686,0","17104,5","418,5"
1222,"18324,0","16044,0","17184,0","1140,0"
1223,"17556,0","15879,0","16717,5","838,5"
1224,"16824,0","16101,0","16462,5","361,5"
1225,"17226,0","15192,0","16209,0","1017,0"
1226,"16068,0","16089,0","16078,5","10,5"
1227,"15663,0","16542,0","16102,5","439,5"
1228,"15483,0","15915,0","15699,0","216,0"
1229,"16131,0","16083,0","16107,0","24,0"
1230,"15801,0","16143,0","15972,0","171,0"
1231,"15153,0","17052,0","16102,5","949,5"
1232,"15093,0","16653,0","15873,0","780,0"
1233,"13806,0","16029,0","14917,5","1111,5"
1234,"13521,0","16104,0","14812,5","1291,5"
1235,"12840,0","15324,0","14082,0","1242,0"
1236,"13659,0","14331,0","13995,0","336,0"
1237,"14583,0","14250,0","14416,5","166,5"
1238,"14439,0","14448,0","14443,5","4,5"
1239,"13782,0","14526,0","14154,0","372,0"
1240,"13371,0","14139,0","13755,0","384,0"
1241,"12825,0","14445,0","13635,0","810,0"
1242,"13365,0","14901,0","14133,0","768,0"
1243,"13836,0","15372,0","14604,0","768,0"
1244,"13428,0","16413,0","14920,5","1492,5"
1245,"14490,0","16137,0","15313,5","823,5"
1246,"14577,0","15948,0","15262,5","685,5"
1247,"14784,0","16368,0","15576,0","792,0"
1248,"14271,0","16455,0","15363,0","1092,0"
1249,"13623,0","16053,0","14838,0","1215,0"
1250,"13464,0","16131,0","14797,5","1333,5"
1251,"13440,0","15495,0","14467,5","1027,5"
1252,"13029,0","15189,0","14109,0","1080,0"
1253,"13206,0","14769,0","13987,5","781,5"
1254,"12915,0","14127,0","13521,0","606,0"
1255,"12864,0","13968,0","13416,0","552,0"
1256,"12696,0","14211,0","13453,5","757,5"
1257,"13635,0","13605,0","13620,0","15,0"
1258,"13470,0","13314,0","13392,0","78,0"
1259,"13779,0","13407,0","13593,0","186,0"
1260,"13959,0","13476,0","13717,5","241,5"
1261,"13446,0","13407,0","13426,5","19,5"
1262,"13185,0","13635,0","13410,0","225,0"
1263,"13134,0","13851,0","13492,5","358,5"
1264,"12531,0","13200,0","12865,5","334,5"
1265,"11649,0","12918,0","12283,5","634,5"
1266,"12306,0","12381,0","12343,5","37,5"
1267,"12144,0","12618,0","12381,0","237,0"
1268,"12210,0","12066,0","12138,0","72,0"
1269,"11811,0","11697,0","11754,0","57,0"
1270,"11415,0","11670,0","11542,5","127,5"
1271,"11748,0","10908,0","11328,0","420,0"
1272,"11502,0","10989,0","11245,5","256,5"
1273,"12162,0","11049,0","11605,5","556,5"
1274,"11397,0","11274,0","11335,5","61,5"
1275,"11607,0","12210,0","11908,5","301,5"
1276,"12291,0","12060,0","12175,5","115,5"
1277,"11418,0","11652,0","11535,0","117,0"
1278,"11490,0","11268,0","11379,0","111,0"
1279,"11337,0","10635,0","10986,0","351,0"
1280,"12162,0","10101,0","11131,5","1030,5"
1281,"12492,0","10779,0","11635,5","856,5"
1282,"11763,0","10533,0","11148,0","615,0"
1283,"11394,0","10266,0","10830,0","564,0"
1284,"11097,0","10557,0","10827,0","270,0"
1285,"10464,0","10677,0","10570,5","106,5"
1286,"11028,0","10038,0","10533,0","495,0"
1287,"10404,0","10029,0","10216,5","187,5"
1288,"9519,0","9120,0","9319,5","199,5"
1289,"9231,0","8970,0","9100,5","130,5"
1290,"10149,0","9291,0","9720,0","429,0"
1291,"9144,0","9501,0","9322,5","178,5"
1292,"9246,0","9348,0","9297,0","51,0"
1293,"9324,0","9213,0","9268,5","55,5"
1294,"10014,0","9426,0","9720,0","294,0"
1295,"9990,0","9633,0","9811,5","178,5"
1296,"10800,0","9978,0","10389,0","411,0"
1297,"10056,0","10437,0","10246,5","190,5"
1298,"9192,0","10065,0","9628,5","436,5"
1299,"9015,0","9690,0","9352,5","337,5"
1300,"8649,0","9906,0","9277,5","628,5"
1301,"8631,0","10353,0","9492,0","861,0"
1302,"8841,0","10806,0","9823,5","982,5"
1303,"8688,0","10305,0","9496,5","808,5"
1304,"8769,0","10143,0","9456,0","687,0"
1305,"9102,0","9498,0","9300,0","198,0"
1306,"8853,0","9357,0","9105,0","252,0"
1307,"8730,0","9681,0","9205,5","475,5"
1308,"9288,0","9444,0","9366,0","78,0"
1309,"8892,0","9900,0","9396,0","504,0"
1310,"8631,0","9762,0","9196,5","565,5"
1311,"7908,0","8757,0","8332,5","424,5"
1312,"8130,0","8955,0","8542,5","412,5"
1313,"7980,0","7965,0","7972,5","7,5"
1314,"8175,0","8634,0","8404,5","229,5"
1315,"8856,0","8952,0","8904,0","48,0"
1316,"9288,0","9189,0","9238,5","49,5"
1317,"9276,0","9273,0","9274,5","1,5"
1318,"9240,0","9264,0","9252,0","12,0"
1319,"9942,0","9219,0","9580,5","361,5"
1320,"10395,0","8343,0","9369,0","1026,0"
1321,"10476,0","8805,0","9640,5","835,5"
1322,"10320,0","8658,0","9489,0","831,0"
1323,"9576,0","8424,0","9000,0","576,0"
1324,"9324,0","8763,0","9043,5","280,5"
1325,"9060,0","8289,0","8674,5","385,5"
1326,"8091,0","8496,0","8293,5","202,5"
1327,"7839,0","9312,0","8575,5","736,5"
1328,"8310,0","9525,0","8917,5","607,5"
1329,"8778,0","9387,0","9082,5","304,5"
1330,"8622,0","8778,0","8700,0","78,0"
1331,"8127,0","9345,0","8736,0","609,0"
1332,"7875,0","8721,0","8298,0","423,0"
1333,"7869,0","8463,0","8166,0","297,0"
1334,"7722,0","8088,0","7905,0","183,0"
1335,"8187,0","7929,0","8058,0","129,0"
1336,"8778,0","7758,0","8268,0","510,0"
1337,"8484,0","7233,0","7858,5","625,5"
1338,"8109,0","7239,0","7674,0","435,0"
1339,"6990,0","7089,0","7039,5","49,5"
1340,"7449,0","7305,0","7377,0","72,0"
1341,"8025,0","7038,0","7531,5","493,5"
1342,"7179,0","7500,0","7339,5","160,5"
1343,"7278,0","7356,0","7317,0","39,0"
1344,"7497,0","7335,0","7416,0","81,0"
1345,"7110,0","8046,0","7578,0","468,0"
1346,"7359,0","7662,0","7510,5","151,5"
1347,"7674,0","7728,0","7701,0","27,0"
1348,"7287,0","8076,0","7681,5","394,5"
1349,"7275,0","7701,0","7488,0","213,0"
1350,"7746,0","7569,0","7657,5","88,5"
1351,"7380,0","7785,0","7582,5","202,5"
1352,"7359,0","6693,0","7026,0","333,0"
1353,"6633,0","6198,0","6415,5","217,5"
1354,"6132,0","5700,0","5916,0","216,0"
1355,"6453,0","5916,0","6184,5","268,5"
1356,"6660,0","6270,0","6465,0","195,0"
1357,"7002,0","6138,0","6570,0","432,0"
1358,"7356,0","6342,0","6849,0","507,0"
1359,"7686,0","6204,0","6945,0","741,0"
1360,"7056,0","6555,0","6805,5","250,5"
1361,"6564,0","6657,0","6610,5","46,5"
1362,"5706,0","6165,0","5935,5","229,5"
1363,"6036,0","6621,0","6328,5","292,5"
1364,"5529,0","5868,0","5698,5","169,5"
1365,"5394,0","5247,0","5320,5","73,5"
1366,"5505,0","5847,0","5676,0","171,0"
1367,"5493,0","5817,0","5655,0","162,0"
1368,"5118,0","6171,0","5644,5","526,5"
1369,"5091,0","6279,0","5685,0","594,0"
1370,"5199,0","7110,0","6154,5","955,5"
1371,"4833,0","7332,0","6082,5","1249,5"
1372,"5310,0","7194,0","6252,0","942,0"
1373,"5550,0","7173,0","6361,5","811,5"
1374,"5436,0","6666,0","6051,0","615,0"
1375,"5802,0","6894,0","6348,0","546,0"
1376,"5919,0","5919,0","5919,0","0,0"
1377,"5916,0","6021,0","5968,5","52,5"
1378,"6135,0","5400,0","5767,5","367,5"
1379,"6219,0","5478,0","5848,5","370,5"
1380,"5850,0","5577,0","5713,5","136,5"
1381,"5484,0","5913,0","5698,5","214,5"
1382,"5691,0","5670,0","5680,5","10,5"
1383,"5907,0","5916,0","5911,5","4,5"
1384,"6723,0","5904,0","6313,5","409,5"
1385,"6345,0","6735,0","6540,0","195,0"
1386,"5970,0","7443,0","6706,5","736,5"
1387,"5943,0","7071,0","6507,0","564,0"
1388,"5457,0","7539,0","6498,0","1041,0"
1389,"5448,0","7758,0","6603,0","1155,0"
1390,"5088,0","7017,0","6052,5","964,5"
1391,"4836,0","6531,0","5683,5","847,5"
1392,"4815,0","6051,0","5433,0","618,0"
1393,"4938,0","5307,0","5122,5","184,5"
1394,"5406,0","5670,0","5538,0","132,0"
1395,"6018,0","5658,0","5838,0","180,0"
1396,"6240,0","5889,0","6064,5","175,5"
1397,"6108,0","6111,0","6109,5","1,5"
1398,"6345,0","5970,0","6157,5","187,5"
1399,"6090,0","5946,0","6018,0","72,0"
1400,"5847,0","6159,0","6003,0","156,0"
1401,"6192,0","6024,0","6108,0","84,0"
1402,"6072,0","5181,0","5626,5","445,5"
1403,"6051,0","5280,0","5665,5","385,5"
1404,"6033,0","4905,0","5469,0","564,0"
1405,"5319,0","4764,0","5041,5","277,5"
1406,"5064,0","5121,0","5092,5","28,5"
1407,"5040,0","5097,0","5068,5","28,5"
1408,"5028,0","4845,0","4936,5","91,5"
1409,"5253,0","5076,0","5164,5","88,5"
1410,"5004,0","4818,0","4911,0","93,0"
1411,"5238,0","4443,0","4840,5","397,5"
1412,"4980,0","4164,0","4572,0","408,0"
1413,"4968,0","4617,0","4792,5","175,5"
1414,"4956,0","4968,0","4962,0","6,0"
1415,"4824,0","4842,0","4833,0","9,0"
1416,"4332,0","4953,0","4642,5","310,5"
1417,"4095,0","4692,0","4393,5","298,5"
1418,"4206,0","4554,0","4380,0","174,0"
1419,"4926,0","4290,0","4608,0","318,0"
1420,"4803,0","4053,0","4428,0","375,0"
1421,"4785,0","4650,0","4717,5","67,5"
1422,"4287,0","4167,0","4227,0","60,0"
1423,"4512,0","4161,0","4336,5","175,5"
1424,"4980,0","3918,0","4449,0","531,0"
1425,"4722,0","3558,0","4140,0","582,0"
1426,"4839,0","4386,0","4612,5","226,5"
1427,"5184,0","4740,0","4962,0","222,0"
1428,"5052,0","4602,0","4827,0","225,0"
1429,"5529,0","4839,0","5184,0","345,0"
1430,"5154,0","4710,0","4932,0","222,0"
1431,"4554,0","4698,0","4626,0","72,0"
1432,"4314,0","4821,0","4567,5","253,5"
1433,"3822,0","4920,0","4371,0","549,0"
1434,"3813,0","4425,0","4119,0","306,0"
1435,"3927,0","4287,0","4107,0","180,0"
1436,"3558,0","4029,0","3793,5","235,5"
1437,"3555,0","3774,0","3664,5","109,5"
1438,"3426,0","3861,0","3643,5","217,5"
1439,"3537,0","3735,0","3636,0","99,0"
1440,"0,0","0,0","0,0","0,0"
